knr,kname,year,nh.beds.located.in.muni
0101,Halden,2015,210
0101,Halden,2016,203
0101,Halden,2017,205
0101,Halden,2018,213
0104,Moss,2015,185
0104,Moss,2016,183
0104,Moss,2017,192
0104,Moss,2018,192
0105,Sarpsborg,2015,425.1
0105,Sarpsborg,2016,437
0105,Sarpsborg,2017,448
0105,Sarpsborg,2018,461
0106,Fredrikstad,2015,597
0106,Fredrikstad,2016,608
0106,Fredrikstad,2017,608
0106,Fredrikstad,2018,611
0111,Hvaler,2015,38
0111,Hvaler,2016,37
0111,Hvaler,2017,38
0111,Hvaler,2018,42
0118,Aremark,2015,21
0118,Aremark,2016,23
0118,Aremark,2017,23
0118,Aremark,2018,18
0119,Marker,2015,38.5
0119,Marker,2016,38
0119,Marker,2017,42
0119,Marker,2018,39
0121,Rømskog,2015,17
0121,Rømskog,2016,17
0121,Rømskog,2017,13.5
0121,Rømskog,2018,14.9
0122,Trøgstad,2015,54
0122,Trøgstad,2016,54.2
0122,Trøgstad,2017,48
0122,Trøgstad,2018,49
0123,Spydeberg,2015,39.6
0123,Spydeberg,2016,40.8
0123,Spydeberg,2017,35.7
0123,Spydeberg,2018,47.3
0124,Askim,2015,114.6
0124,Askim,2016,113.4
0124,Askim,2017,111.3
0124,Askim,2018,109.7
0125,Eidsberg,2015,91.7
0125,Eidsberg,2016,92.9
0125,Eidsberg,2017,96.2
0125,Eidsberg,2018,97.5
0127,Skiptvet,2015,39.5
0127,Skiptvet,2016,38.4
0127,Skiptvet,2017,37.4
0127,Skiptvet,2018,34.3
0128,Rakkestad,2015,69
0128,Rakkestad,2016,67.3
0128,Rakkestad,2017,68.4
0128,Rakkestad,2018,67.3
0135,Råde,2015,56
0135,Råde,2016,57
0135,Råde,2017,57
0135,Råde,2018,56
0136,Rygge,2015,93
0136,Rygge,2016,92
0136,Rygge,2017,91.2
0136,Rygge,2018,92
0137,Våler,2015,25
0137,Våler,2016,25
0137,Våler,2017,25
0137,Våler,2018,21
0138,Hobøl,2015,29
0138,Hobøl,2016,29
0138,Hobøl,2017,29
0138,Hobøl,2018,29
0211,Vestby,2015,104
0211,Vestby,2016,97
0211,Vestby,2017,103
0211,Vestby,2018,108
0213,Ski,2015,213
0213,Ski,2016,212
0213,Ski,2017,213
0213,Ski,2018,218
0214,Ås,2015,138
0214,Ås,2016,151
0214,Ås,2017,191
0214,Ås,2018,163
0215,Frogn,2015,109
0215,Frogn,2016,103
0215,Frogn,2017,143
0215,Frogn,2018,150
0216,Nesodden,2015,129
0216,Nesodden,2016,129
0216,Nesodden,2017,127
0216,Nesodden,2018,130
0217,Oppegård,2015,230
0217,Oppegård,2016,223
0217,Oppegård,2017,224
0217,Oppegård,2018,229
0219,Bærum,2015,1006
0219,Bærum,2016,1024
0219,Bærum,2017,998
0219,Bærum,2018,987
0220,Asker,2015,417
0220,Asker,2016,402
0220,Asker,2017,467
0220,Asker,2018,468
0221,Aurskog-Høland,2015,150
0221,Aurskog-Høland,2016,148
0221,Aurskog-Høland,2017,148
0221,Aurskog-Høland,2018,150
0226,Sørum,2015,137
0226,Sørum,2016,138
0226,Sørum,2017,145
0226,Sørum,2018,118
0227,Fet,2015,55
0227,Fet,2016,56
0227,Fet,2017,54
0227,Fet,2018,67
0228,Rælingen,2015,85
0228,Rælingen,2016,85
0228,Rælingen,2017,103
0228,Rælingen,2018,90
0229,Enebakk,2015,70
0229,Enebakk,2016,73
0229,Enebakk,2017,69.3
0229,Enebakk,2018,67
0230,Lørenskog,2015,227
0230,Lørenskog,2016,227
0230,Lørenskog,2017,227
0230,Lørenskog,2018,221
0231,Skedsmo,2015,334
0231,Skedsmo,2016,330
0231,Skedsmo,2017,315
0231,Skedsmo,2018,315
0233,Nittedal,2015,104
0233,Nittedal,2016,115
0233,Nittedal,2017,115
0233,Nittedal,2018,117
0234,Gjerdrum,2015,44
0234,Gjerdrum,2016,38
0234,Gjerdrum,2017,36
0234,Gjerdrum,2018,38
0235,Ullensaker,2015,186
0235,Ullensaker,2016,197
0235,Ullensaker,2017,212
0235,Ullensaker,2018,217
0236,Nes,2015,132
0236,Nes,2016,136
0236,Nes,2017,130
0236,Nes,2018,126
0237,Eidsvoll,2015,164
0237,Eidsvoll,2016,172
0237,Eidsvoll,2017,176
0237,Eidsvoll,2018,197
0238,Nannestad,2015,73
0238,Nannestad,2016,74
0238,Nannestad,2017,73
0238,Nannestad,2018,73
0239,Hurdal,2015,32
0239,Hurdal,2016,30
0239,Hurdal,2017,30
0239,Hurdal,2018,44
0301,Oslo,2015,4809
0301,Oslo,2016,4672
0301,Oslo,2017,4536
0301,Oslo,2018,4372
0402,Kongsvinger,2015,161
0402,Kongsvinger,2016,171
0402,Kongsvinger,2017,177
0402,Kongsvinger,2018,184
0403,Hamar,2015,262
0403,Hamar,2016,276
0403,Hamar,2017,270
0403,Hamar,2018,276
0412,Ringsaker,2015,351.5
0412,Ringsaker,2016,348
0412,Ringsaker,2017,349
0412,Ringsaker,2018,347
0415,Løten,2015,83.7
0415,Løten,2016,85
0415,Løten,2017,85
0415,Løten,2018,85
0417,Stange,2015,168.8
0417,Stange,2016,158
0417,Stange,2017,150
0417,Stange,2018,150
0418,Nord-Odal,2015,57
0418,Nord-Odal,2016,57
0418,Nord-Odal,2017,58
0418,Nord-Odal,2018,58
0419,Sør-Odal,2015,82
0419,Sør-Odal,2016,82
0419,Sør-Odal,2017,81
0419,Sør-Odal,2018,81
0420,Eidskog,2015,61
0420,Eidskog,2016,81
0420,Eidskog,2017,81
0420,Eidskog,2018,71
0423,Grue,2015,64
0423,Grue,2016,72
0423,Grue,2017,72
0423,Grue,2018,64
0425,Åsnes,2015,92
0425,Åsnes,2016,101
0425,Åsnes,2017,101
0425,Åsnes,2018,101
0426,Våler,2015,48
0426,Våler,2016,46
0426,Våler,2017,46
0426,Våler,2018,48
0427,Elverum,2015,198
0427,Elverum,2016,196
0427,Elverum,2017,199
0427,Elverum,2018,199
0428,Trysil,2015,79
0428,Trysil,2016,79
0428,Trysil,2017,79
0428,Trysil,2018,79
0429,Åmot,2015,63
0429,Åmot,2016,63
0429,Åmot,2017,63
0429,Åmot,2018,63
0430,Stor-Elvdal,2015,42
0430,Stor-Elvdal,2016,42
0430,Stor-Elvdal,2017,41
0430,Stor-Elvdal,2018,41
0432,Rendalen,2015,26
0432,Rendalen,2016,24
0432,Rendalen,2017,24
0432,Rendalen,2018,20
0434,Engerdal,2015,24
0434,Engerdal,2016,25
0434,Engerdal,2017,25
0434,Engerdal,2018,24
0436,Tolga,2015,21
0436,Tolga,2016,21
0436,Tolga,2017,21
0436,Tolga,2018,21
0437,Tynset,2015,64
0437,Tynset,2016,60
0437,Tynset,2017,54
0437,Tynset,2018,54
0438,Alvdal,2015,33
0438,Alvdal,2016,27
0438,Alvdal,2017,27
0438,Alvdal,2018,27
0439,Folldal,2015,20
0439,Folldal,2016,23
0439,Folldal,2017,22
0439,Folldal,2018,25
0441,Os,2015,28
0441,Os,2016,33
0441,Os,2017,32
0441,Os,2018,29
0501,Lillehammer,2015,238.5
0501,Lillehammer,2016,230.5
0501,Lillehammer,2017,240
0501,Lillehammer,2018,248.5
0502,Gjøvik,2015,177
0502,Gjøvik,2016,178
0502,Gjøvik,2017,153
0502,Gjøvik,2018,152
0511,Dovre,2015,49
0511,Dovre,2016,49
0511,Dovre,2017,40
0511,Dovre,2018,40
0512,Lesja,2015,31
0512,Lesja,2016,31
0512,Lesja,2017,32
0512,Lesja,2018,32
0513,Skjåk,2015,37
0513,Skjåk,2016,37
0513,Skjåk,2017,38
0513,Skjåk,2018,40
0514,Lom,2015,41
0514,Lom,2016,41
0514,Lom,2017,35
0514,Lom,2018,35
0515,Vågå,2015,56
0515,Vågå,2016,51
0515,Vågå,2017,46
0515,Vågå,2018,45
0516,Nord-Fron,2015,82
0516,Nord-Fron,2016,82
0516,Nord-Fron,2017,76
0516,Nord-Fron,2018,76
0517,Sel,2015,66
0517,Sel,2016,58
0517,Sel,2017,61
0517,Sel,2018,61
0519,Sør-Fron,2015,45
0519,Sør-Fron,2016,47
0519,Sør-Fron,2017,47
0519,Sør-Fron,2018,47
0520,Ringebu,2015,23
0520,Ringebu,2016,24
0520,Ringebu,2017,31
0520,Ringebu,2018,45
0521,Øyer,2015,40.5
0521,Øyer,2016,64.5
0521,Øyer,2017,57
0521,Øyer,2018,59.5
0522,Gausdal,2015,75
0522,Gausdal,2016,71
0522,Gausdal,2017,65
0522,Gausdal,2018,69
0528,Østre Toten,2015,102
0528,Østre Toten,2016,92
0528,Østre Toten,2017,91
0528,Østre Toten,2018,91
0529,Vestre Toten,2015,64
0529,Vestre Toten,2016,68
0529,Vestre Toten,2017,57
0529,Vestre Toten,2018,57
0532,Jevnaker,2015,63
0532,Jevnaker,2016,59
0532,Jevnaker,2017,57
0532,Jevnaker,2018,56
0533,Lunner,2015,72
0533,Lunner,2016,69
0533,Lunner,2017,73
0533,Lunner,2018,70
0534,Gran,2015,155
0534,Gran,2016,160
0534,Gran,2017,154
0534,Gran,2018,138
0536,Søndre Land,2015,70
0536,Søndre Land,2016,70
0536,Søndre Land,2017,70
0536,Søndre Land,2018,70
0538,Nordre Land,2015,91
0538,Nordre Land,2016,91
0538,Nordre Land,2017,91
0538,Nordre Land,2018,91
0540,Sør-Aurdal,2015,46
0540,Sør-Aurdal,2016,46
0540,Sør-Aurdal,2017,44
0540,Sør-Aurdal,2018,46
0541,Etnedal,2015,23
0541,Etnedal,2016,23
0541,Etnedal,2017,22
0541,Etnedal,2018,23
0542,Nord-Aurdal,2015,57.5
0542,Nord-Aurdal,2016,51.5
0542,Nord-Aurdal,2017,48
0542,Nord-Aurdal,2018,50.5
0543,Vestre Slidre,2015,29.5
0543,Vestre Slidre,2016,21.5
0543,Vestre Slidre,2017,20
0543,Vestre Slidre,2018,21.5
0544,Øystre Slidre,2015,45
0544,Øystre Slidre,2016,43
0544,Øystre Slidre,2017,41
0544,Øystre Slidre,2018,42
0545,Vang,2015,35
0545,Vang,2016,35
0545,Vang,2017,34
0545,Vang,2018,35
0602,Drammen,2015,523
0602,Drammen,2016,534
0602,Drammen,2017,527
0602,Drammen,2018,529
0604,Kongsberg,2015,193
0604,Kongsberg,2016,182
0604,Kongsberg,2017,190
0604,Kongsberg,2018,196
0605,Ringerike,2015,195
0605,Ringerike,2016,196
0605,Ringerike,2017,198
0605,Ringerike,2018,198
0612,Hole,2015,40
0612,Hole,2016,41
0612,Hole,2017,42
0612,Hole,2018,41
0615,Flå,2015,10
0615,Flå,2016,14
0615,Flå,2017,14.3
0615,Flå,2018,14.3
0616,Nes,2015,17
0616,Nes,2016,11
0616,Nes,2017,12.1
0616,Nes,2018,14.1
0617,Gol,2015,32
0617,Gol,2016,33
0617,Gol,2017,38.5
0617,Gol,2018,34.5
0618,Hemsedal,2015,25
0618,Hemsedal,2016,25
0618,Hemsedal,2017,25.8
0618,Hemsedal,2018,25.8
0619,Ål,2015,52
0619,Ål,2016,57
0619,Ål,2017,47.8
0619,Ål,2018,43.8
0620,Hol,2015,43
0620,Hol,2016,42
0620,Hol,2017,43.5
0620,Hol,2018,43.5
0621,Sigdal,2015,44
0621,Sigdal,2016,52
0621,Sigdal,2017,52
0621,Sigdal,2018,52
0622,Krødsherad,2015,26
0622,Krødsherad,2016,26
0622,Krødsherad,2017,25
0622,Krødsherad,2018,26
0623,Modum,2015,102
0623,Modum,2016,102
0623,Modum,2017,98
0623,Modum,2018,119
0624,Øvre Eiker,2015,129
0624,Øvre Eiker,2016,161
0624,Øvre Eiker,2017,148
0624,Øvre Eiker,2018,180
0625,Nedre Eiker,2015,111
0625,Nedre Eiker,2016,109
0625,Nedre Eiker,2017,118
0625,Nedre Eiker,2018,104
0626,Lier,2015,126
0626,Lier,2016,129
0626,Lier,2017,128
0626,Lier,2018,127
0627,Røyken,2015,110
0627,Røyken,2016,112
0627,Røyken,2017,105
0627,Røyken,2018,105
0628,Hurum,2015,36
0628,Hurum,2016,32
0628,Hurum,2017,37
0628,Hurum,2018,37
0631,Flesberg,2015,24
0631,Flesberg,2016,24
0631,Flesberg,2017,24
0631,Flesberg,2018,24
0632,Rollag,2015,24
0632,Rollag,2016,23
0632,Rollag,2017,23
0632,Rollag,2018,22
0633,Nore og Uvdal,2015,34
0633,Nore og Uvdal,2016,34
0633,Nore og Uvdal,2017,34
0633,Nore og Uvdal,2018,34
0701,Horten,2015,202
0701,Horten,2016,211
0701,Horten,2017,206
0701,Horten,2018,203
0702,Holmestrand,2015,60
0702,Holmestrand,2016,61
0702,Holmestrand,2017,61
0702,Holmestrand,2018,NA
0704,Tønsberg,2015,344
0704,Tønsberg,2016,344
0704,Tønsberg,2017,350
0704,Tønsberg,2018,386
0706,Sandefjord,2015,309
0706,Sandefjord,2016,307
0706,Sandefjord,2017,NA
0706,Sandefjord,2018,NA
0709,Larvik,2015,390
0709,Larvik,2016,386
0709,Larvik,2017,386
0709,Larvik,2018,NA
0710,Sandefjord,2015,NA
0710,Sandefjord,2016,NA
0710,Sandefjord,2017,399
0710,Sandefjord,2018,411
0711,Svelvik,2015,37
0711,Svelvik,2016,37
0711,Svelvik,2017,40
0711,Svelvik,2018,33
0712,Larvik,2015,NA
0712,Larvik,2016,NA
0712,Larvik,2017,NA
0712,Larvik,2018,419
0713,Sande,2015,60
0713,Sande,2016,61
0713,Sande,2017,58
0713,Sande,2018,62
0714,Hof,2015,31
0714,Hof,2016,23
0714,Hof,2017,23
0714,Hof,2018,NA
0715,Holmestrand,2015,NA
0715,Holmestrand,2016,NA
0715,Holmestrand,2017,NA
0715,Holmestrand,2018,81
0716,Re,2015,78
0716,Re,2016,78
0716,Re,2017,75
0716,Re,2018,70
0719,Andebu,2015,40
0719,Andebu,2016,39
0719,Andebu,2017,NA
0719,Andebu,2018,NA
0720,Stokke,2015,56
0720,Stokke,2016,55
0720,Stokke,2017,NA
0720,Stokke,2018,NA
0722,Nøtterøy,2015,177
0722,Nøtterøy,2016,180
0722,Nøtterøy,2017,180
0722,Nøtterøy,2018,NA
0723,Tjøme,2015,35
0723,Tjøme,2016,33
0723,Tjøme,2017,33
0723,Tjøme,2018,NA
0728,Lardal,2015,28
0728,Lardal,2016,27
0728,Lardal,2017,27
0728,Lardal,2018,NA
0729,Færder,2015,NA
0729,Færder,2016,NA
0729,Færder,2017,NA
0729,Færder,2018,216
0805,Porsgrunn,2015,329
0805,Porsgrunn,2016,334
0805,Porsgrunn,2017,318
0805,Porsgrunn,2018,319
0806,Skien,2015,390
0806,Skien,2016,387
0806,Skien,2017,392
0806,Skien,2018,400
0807,Notodden,2015,71
0807,Notodden,2016,69
0807,Notodden,2017,74.7
0807,Notodden,2018,71.7
0811,Siljan,2015,21
0811,Siljan,2016,21
0811,Siljan,2017,25
0811,Siljan,2018,25
0814,Bamble,2015,63
0814,Bamble,2016,65
0814,Bamble,2017,64
0814,Bamble,2018,64
0815,Kragerø,2015,50
0815,Kragerø,2016,47
0815,Kragerø,2017,47
0815,Kragerø,2018,47
0817,Drangedal,2015,40
0817,Drangedal,2016,37
0817,Drangedal,2017,41
0817,Drangedal,2018,36
0819,Nome,2015,73
0819,Nome,2016,76
0819,Nome,2017,74
0819,Nome,2018,74
0821,Bø,2015,61
0821,Bø,2016,58
0821,Bø,2017,63
0821,Bø,2018,60
0822,Sauherad,2015,33
0822,Sauherad,2016,41
0822,Sauherad,2017,38
0822,Sauherad,2018,49
0826,Tinn,2015,75
0826,Tinn,2016,81
0826,Tinn,2017,81
0826,Tinn,2018,75
0827,Hjartdal,2015,28
0827,Hjartdal,2016,28
0827,Hjartdal,2017,28.3
0827,Hjartdal,2018,23.3
0828,Seljord,2015,28
0828,Seljord,2016,28
0828,Seljord,2017,28
0828,Seljord,2018,30
0829,Kviteseid,2015,40
0829,Kviteseid,2016,40
0829,Kviteseid,2017,40
0829,Kviteseid,2018,40
0830,Nissedal,2015,21
0830,Nissedal,2016,21
0830,Nissedal,2017,21
0830,Nissedal,2018,21
0831,Fyresdal,2015,20
0831,Fyresdal,2016,20
0831,Fyresdal,2017,20
0831,Fyresdal,2018,20
0833,Tokke,2015,35
0833,Tokke,2016,35
0833,Tokke,2017,28
0833,Tokke,2018,28
0834,Vinje,2015,39
0834,Vinje,2016,39
0834,Vinje,2017,37
0834,Vinje,2018,32
0901,Risør,2015,62
0901,Risør,2016,62
0901,Risør,2017,62
0901,Risør,2018,62
0904,Grimstad,2015,117
0904,Grimstad,2016,125
0904,Grimstad,2017,128
0904,Grimstad,2018,128
0906,Arendal,2015,350
0906,Arendal,2016,356
0906,Arendal,2017,350
0906,Arendal,2018,349
0911,Gjerstad,2015,32
0911,Gjerstad,2016,20
0911,Gjerstad,2017,20
0911,Gjerstad,2018,20
0912,Vegårshei,2015,22
0912,Vegårshei,2016,24
0912,Vegårshei,2017,24
0912,Vegårshei,2018,26
0914,Tvedestrand,2015,50
0914,Tvedestrand,2016,49
0914,Tvedestrand,2017,46
0914,Tvedestrand,2018,47
0919,Froland,2015,44
0919,Froland,2016,43
0919,Froland,2017,41
0919,Froland,2018,43
0926,Lillesand,2015,80
0926,Lillesand,2016,83
0926,Lillesand,2017,80
0926,Lillesand,2018,83
0928,Birkenes,2015,39
0928,Birkenes,2016,31
0928,Birkenes,2017,32
0928,Birkenes,2018,32
0929,Åmli,2015,19
0929,Åmli,2016,26
0929,Åmli,2017,25
0929,Åmli,2018,25
0935,Iveland,2015,19
0935,Iveland,2016,20
0935,Iveland,2017,11
0935,Iveland,2018,11
0937,Evje og Hornnes,2015,33
0937,Evje og Hornnes,2016,33
0937,Evje og Hornnes,2017,30
0937,Evje og Hornnes,2018,31
0938,Bygland,2015,28
0938,Bygland,2016,28
0938,Bygland,2017,28
0938,Bygland,2018,27
0940,Valle,2015,20
0940,Valle,2016,20
0940,Valle,2017,18
0940,Valle,2018,20
0941,Bykle,2015,24
0941,Bykle,2016,24
0941,Bykle,2017,24
0941,Bykle,2018,NA
1001,Kristiansand,2015,643
1001,Kristiansand,2016,646
1001,Kristiansand,2017,645
1001,Kristiansand,2018,641
1002,Mandal,2015,126
1002,Mandal,2016,132
1002,Mandal,2017,131
1002,Mandal,2018,121
1003,Farsund,2015,76
1003,Farsund,2016,77
1003,Farsund,2017,76
1003,Farsund,2018,48
1004,Flekkefjord,2015,78
1004,Flekkefjord,2016,89
1004,Flekkefjord,2017,92
1004,Flekkefjord,2018,93
1014,Vennesla,2015,94
1014,Vennesla,2016,95
1014,Vennesla,2017,94
1014,Vennesla,2018,95
1017,Songdalen,2015,33
1017,Songdalen,2016,33
1017,Songdalen,2017,34
1017,Songdalen,2018,23
1018,Søgne,2015,67
1018,Søgne,2016,72
1018,Søgne,2017,72
1018,Søgne,2018,72
1021,Marnardal,2015,30
1021,Marnardal,2016,22
1021,Marnardal,2017,23
1021,Marnardal,2018,23
1026,Åseral,2015,14
1026,Åseral,2016,10
1026,Åseral,2017,10
1026,Åseral,2018,10
1027,Audnedal,2015,23
1027,Audnedal,2016,23
1027,Audnedal,2017,23
1027,Audnedal,2018,23
1029,Lindesnes,2015,24
1029,Lindesnes,2016,25
1029,Lindesnes,2017,25
1029,Lindesnes,2018,25
1032,Lyngdal,2015,55
1032,Lyngdal,2016,55
1032,Lyngdal,2017,53
1032,Lyngdal,2018,53
1034,Hægebostad,2015,24
1034,Hægebostad,2016,24
1034,Hægebostad,2017,24
1034,Hægebostad,2018,23
1037,Kvinesdal,2015,42
1037,Kvinesdal,2016,39
1037,Kvinesdal,2017,43
1037,Kvinesdal,2018,40
1046,Sirdal,2015,39
1046,Sirdal,2016,39
1046,Sirdal,2017,39
1046,Sirdal,2018,41
1101,Eigersund,2015,65
1101,Eigersund,2016,66
1101,Eigersund,2017,65
1101,Eigersund,2018,67
1102,Sandnes,2015,428
1102,Sandnes,2016,446
1102,Sandnes,2017,482
1102,Sandnes,2018,481
1103,Stavanger,2015,1094
1103,Stavanger,2016,1080
1103,Stavanger,2017,1205
1103,Stavanger,2018,1095
1106,Haugesund,2015,297
1106,Haugesund,2016,269
1106,Haugesund,2017,273
1106,Haugesund,2018,304
1111,Sokndal,2015,36
1111,Sokndal,2016,38
1111,Sokndal,2017,38
1111,Sokndal,2018,38
1112,Lund,2015,36
1112,Lund,2016,34
1112,Lund,2017,35
1112,Lund,2018,36
1114,Bjerkreim,2015,29
1114,Bjerkreim,2016,29
1114,Bjerkreim,2017,29
1114,Bjerkreim,2018,29
1119,Hå,2015,142
1119,Hå,2016,141
1119,Hå,2017,142
1119,Hå,2018,136
1120,Klepp,2015,90
1120,Klepp,2016,88
1120,Klepp,2017,88
1120,Klepp,2018,108
1121,Time,2015,108
1121,Time,2016,106
1121,Time,2017,105
1121,Time,2018,107
1122,Gjesdal,2015,33
1122,Gjesdal,2016,32
1122,Gjesdal,2017,31
1122,Gjesdal,2018,36
1124,Sola,2015,163
1124,Sola,2016,163
1124,Sola,2017,163
1124,Sola,2018,162
1127,Randaberg,2015,30
1127,Randaberg,2016,47
1127,Randaberg,2017,52
1127,Randaberg,2018,52
1129,Forsand,2015,20
1129,Forsand,2016,21
1129,Forsand,2017,21
1129,Forsand,2018,14
1130,Strand,2015,48
1130,Strand,2016,49
1130,Strand,2017,49
1130,Strand,2018,49
1133,Hjelmeland,2015,31
1133,Hjelmeland,2016,31
1133,Hjelmeland,2017,30
1133,Hjelmeland,2018,30
1134,Suldal,2015,40
1134,Suldal,2016,38
1134,Suldal,2017,38
1134,Suldal,2018,39
1135,Sauda,2015,22
1135,Sauda,2016,22
1135,Sauda,2017,14
1135,Sauda,2018,21
1141,Finnøy,2015,32
1141,Finnøy,2016,34
1141,Finnøy,2017,25
1141,Finnøy,2018,25
1142,Rennesøy,2015,20
1142,Rennesøy,2016,26
1142,Rennesøy,2017,26
1142,Rennesøy,2018,25
1144,Kvitsøy,2015,11
1144,Kvitsøy,2016,11
1144,Kvitsøy,2017,11
1144,Kvitsøy,2018,10
1145,Bokn,2015,11
1145,Bokn,2016,11
1145,Bokn,2017,12
1145,Bokn,2018,14
1146,Tysvær,2015,71
1146,Tysvær,2016,71
1146,Tysvær,2017,71
1146,Tysvær,2018,71
1149,Karmøy,2015,283
1149,Karmøy,2016,283
1149,Karmøy,2017,283
1149,Karmøy,2018,285
1151,Utsira,2015,8
1151,Utsira,2016,8
1151,Utsira,2017,8
1151,Utsira,2018,8
1160,Vindafjord,2015,87
1160,Vindafjord,2016,87
1160,Vindafjord,2017,82
1160,Vindafjord,2018,82
1201,Bergen,2015,2594
1201,Bergen,2016,2558
1201,Bergen,2017,2521
1201,Bergen,2018,2509
1211,Etne,2015,46
1211,Etne,2016,43
1211,Etne,2017,35
1211,Etne,2018,30
1216,Sveio,2015,49
1216,Sveio,2016,49
1216,Sveio,2017,45
1216,Sveio,2018,47
1219,Bømlo,2015,118
1219,Bømlo,2016,117
1219,Bømlo,2017,119.7
1219,Bømlo,2018,119.7
1221,Stord,2015,83
1221,Stord,2016,86
1221,Stord,2017,88.8
1221,Stord,2018,86.8
1222,Fitjar,2015,33
1222,Fitjar,2016,27
1222,Fitjar,2017,22.5
1222,Fitjar,2018,19.5
1223,Tysnes,2015,40
1223,Tysnes,2016,39
1223,Tysnes,2017,30
1223,Tysnes,2018,29
1224,Kvinnherad,2015,102
1224,Kvinnherad,2016,124
1224,Kvinnherad,2017,120
1224,Kvinnherad,2018,124
1227,Jondal,2015,25
1227,Jondal,2016,24
1227,Jondal,2017,22
1227,Jondal,2018,17
1228,Odda,2015,77
1228,Odda,2016,78
1228,Odda,2017,79
1228,Odda,2018,69
1231,Ullensvang,2015,54
1231,Ullensvang,2016,52
1231,Ullensvang,2017,52
1231,Ullensvang,2018,52
1232,Eidfjord,2015,28
1232,Eidfjord,2016,28
1232,Eidfjord,2017,18
1232,Eidfjord,2018,18
1233,Ulvik,2015,21
1233,Ulvik,2016,18
1233,Ulvik,2017,18
1233,Ulvik,2018,18
1234,Granvin,2015,15
1234,Granvin,2016,14
1234,Granvin,2017,14
1234,Granvin,2018,14
1235,Voss,2015,199
1235,Voss,2016,196
1235,Voss,2017,200
1235,Voss,2018,202
1238,Kvam,2015,71.9
1238,Kvam,2016,73
1238,Kvam,2017,71
1238,Kvam,2018,78
1241,Fusa,2015,41
1241,Fusa,2016,43
1241,Fusa,2017,45
1241,Fusa,2018,41
1242,Samnanger,2015,27.1
1242,Samnanger,2016,23
1242,Samnanger,2017,22
1242,Samnanger,2018,29
1243,Os,2015,59
1243,Os,2016,62
1243,Os,2017,51
1243,Os,2018,64
1244,Austevoll,2015,52
1244,Austevoll,2016,53
1244,Austevoll,2017,52
1244,Austevoll,2018,52
1245,Sund,2015,50
1245,Sund,2016,50
1245,Sund,2017,52.5
1245,Sund,2018,49
1246,Fjell,2015,70
1246,Fjell,2016,63
1246,Fjell,2017,61
1246,Fjell,2018,65
1247,Askøy,2015,171
1247,Askøy,2016,174
1247,Askøy,2017,179
1247,Askøy,2018,182
1251,Vaksdal,2015,67
1251,Vaksdal,2016,50
1251,Vaksdal,2017,72
1251,Vaksdal,2018,72
1252,Modalen,2015,12
1252,Modalen,2016,16
1252,Modalen,2017,16
1252,Modalen,2018,16
1253,Osterøy,2015,76
1253,Osterøy,2016,76
1253,Osterøy,2017,73
1253,Osterøy,2018,72
1256,Meland,2015,46
1256,Meland,2016,47
1256,Meland,2017,47
1256,Meland,2018,49
1259,Øygarden,2015,47
1259,Øygarden,2016,46
1259,Øygarden,2017,47.5
1259,Øygarden,2018,47
1260,Radøy,2015,54
1260,Radøy,2016,49
1260,Radøy,2017,46
1260,Radøy,2018,45
1263,Lindås,2015,116
1263,Lindås,2016,103
1263,Lindås,2017,99
1263,Lindås,2018,106
1264,Austrheim,2015,34
1264,Austrheim,2016,34
1264,Austrheim,2017,34
1264,Austrheim,2018,28
1265,Fedje,2015,12
1265,Fedje,2016,12
1265,Fedje,2017,12
1265,Fedje,2018,12
1266,Masfjorden,2015,34
1266,Masfjorden,2016,36
1266,Masfjorden,2017,35
1266,Masfjorden,2018,35
1401,Flora,2015,98
1401,Flora,2016,96
1401,Flora,2017,97
1401,Flora,2018,97
1411,Gulen,2015,33
1411,Gulen,2016,33
1411,Gulen,2017,32
1411,Gulen,2018,26
1412,Solund,2015,18
1412,Solund,2016,18
1412,Solund,2017,20
1412,Solund,2018,19
1413,Hyllestad,2015,22
1413,Hyllestad,2016,22
1413,Hyllestad,2017,22
1413,Hyllestad,2018,22
1416,Høyanger,2015,64
1416,Høyanger,2016,64
1416,Høyanger,2017,64
1416,Høyanger,2018,64
1417,Vik,2015,51
1417,Vik,2016,51
1417,Vik,2017,48
1417,Vik,2018,43
1418,Balestrand,2015,25
1418,Balestrand,2016,49
1418,Balestrand,2017,25
1418,Balestrand,2018,32
1419,Leikanger,2015,33
1419,Leikanger,2016,33
1419,Leikanger,2017,28
1419,Leikanger,2018,28
1420,Sogndal,2015,40
1420,Sogndal,2016,41
1420,Sogndal,2017,42
1420,Sogndal,2018,42
1421,Aurland,2015,27
1421,Aurland,2016,27
1421,Aurland,2017,24
1421,Aurland,2018,24
1422,Lærdal,2015,35
1422,Lærdal,2016,29
1422,Lærdal,2017,29
1422,Lærdal,2018,29
1424,Årdal,2015,59
1424,Årdal,2016,59
1424,Årdal,2017,59
1424,Årdal,2018,59
1426,Luster,2015,71
1426,Luster,2016,71
1426,Luster,2017,45
1426,Luster,2018,43
1428,Askvoll,2015,30
1428,Askvoll,2016,30
1428,Askvoll,2017,30
1428,Askvoll,2018,30
1429,Fjaler,2015,39
1429,Fjaler,2016,42
1429,Fjaler,2017,39
1429,Fjaler,2018,39
1430,Gaular,2015,41
1430,Gaular,2016,41
1430,Gaular,2017,41
1430,Gaular,2018,41
1431,Jølster,2015,NA
1431,Jølster,2016,8
1431,Jølster,2017,8
1431,Jølster,2018,8
1432,Førde,2015,80
1432,Førde,2016,80
1432,Førde,2017,80
1432,Førde,2018,80
1433,Naustdal,2015,20
1433,Naustdal,2016,20
1433,Naustdal,2017,20
1433,Naustdal,2018,18
1438,Bremanger,2015,60
1438,Bremanger,2016,81
1438,Bremanger,2017,79
1438,Bremanger,2018,79
1439,Vågsøy,2015,45
1439,Vågsøy,2016,45
1439,Vågsøy,2017,44
1439,Vågsøy,2018,44
1441,Selje,2015,32
1441,Selje,2016,39
1441,Selje,2017,39
1441,Selje,2018,39
1443,Eid,2015,63
1443,Eid,2016,63
1443,Eid,2017,74
1443,Eid,2018,52
1444,Hornindal,2015,23
1444,Hornindal,2016,24
1444,Hornindal,2017,24
1444,Hornindal,2018,24
1445,Gloppen,2015,24
1445,Gloppen,2016,26
1445,Gloppen,2017,24
1445,Gloppen,2018,26
1449,Stryn,2015,90
1449,Stryn,2016,67
1449,Stryn,2017,67
1449,Stryn,2018,66
1502,Molde,2015,246
1502,Molde,2016,240
1502,Molde,2017,240
1502,Molde,2018,242
1504,Ålesund,2015,389
1504,Ålesund,2016,394
1504,Ålesund,2017,376
1504,Ålesund,2018,399
1505,Kristiansund,2015,171
1505,Kristiansund,2016,180
1505,Kristiansund,2017,170
1505,Kristiansund,2018,169
1511,Vanylven,2015,62
1511,Vanylven,2016,62
1511,Vanylven,2017,61
1511,Vanylven,2018,61
1514,Sande,2015,32
1514,Sande,2016,41
1514,Sande,2017,40
1514,Sande,2018,41
1515,Herøy,2015,104
1515,Herøy,2016,104
1515,Herøy,2017,94
1515,Herøy,2018,94
1516,Ulstein,2015,43
1516,Ulstein,2016,43
1516,Ulstein,2017,44
1516,Ulstein,2018,43
1517,Hareid,2015,49
1517,Hareid,2016,49
1517,Hareid,2017,50
1517,Hareid,2018,50
1519,Volda,2015,72
1519,Volda,2016,72
1519,Volda,2017,72
1519,Volda,2018,80
1520,Ørsta,2015,107
1520,Ørsta,2016,108
1520,Ørsta,2017,108
1520,Ørsta,2018,105
1523,Ørskog,2015,26
1523,Ørskog,2016,27
1523,Ørskog,2017,27
1523,Ørskog,2018,27
1524,Norddal,2015,26
1524,Norddal,2016,28
1524,Norddal,2017,28
1524,Norddal,2018,28
1525,Stranda,2015,42
1525,Stranda,2016,42
1525,Stranda,2017,42
1525,Stranda,2018,42
1526,Stordal,2015,19
1526,Stordal,2016,19
1526,Stordal,2017,19
1526,Stordal,2018,19
1528,Sykkylven,2015,30
1528,Sykkylven,2016,30
1528,Sykkylven,2017,29
1528,Sykkylven,2018,28
1529,Skodje,2015,41
1529,Skodje,2016,29
1529,Skodje,2017,29
1529,Skodje,2018,29
1531,Sula,2015,24
1531,Sula,2016,24
1531,Sula,2017,25
1531,Sula,2018,25
1532,Giske,2015,8
1532,Giske,2016,8
1532,Giske,2017,8
1532,Giske,2018,8
1534,Haram,2015,94
1534,Haram,2016,96
1534,Haram,2017,81
1534,Haram,2018,75
1535,Vestnes,2015,102
1535,Vestnes,2016,103
1535,Vestnes,2017,102
1535,Vestnes,2018,101
1539,Rauma,2015,113
1539,Rauma,2016,106
1539,Rauma,2017,106
1539,Rauma,2018,106
1543,Nesset,2015,58
1543,Nesset,2016,56
1543,Nesset,2017,50
1543,Nesset,2018,50
1545,Midsund,2015,29
1545,Midsund,2016,29
1545,Midsund,2017,30
1545,Midsund,2018,30
1546,Sandøy,2015,18
1546,Sandøy,2016,13
1546,Sandøy,2017,21
1546,Sandøy,2018,6
1547,Aukra,2015,42
1547,Aukra,2016,42
1547,Aukra,2017,34
1547,Aukra,2018,30
1548,Fræna,2015,85
1548,Fræna,2016,85
1548,Fræna,2017,89
1548,Fræna,2018,84
1551,Eide,2015,41
1551,Eide,2016,41
1551,Eide,2017,41
1551,Eide,2018,41
1554,Averøy,2015,60
1554,Averøy,2016,52
1554,Averøy,2017,52
1554,Averøy,2018,50
1557,Gjemnes,2015,34
1557,Gjemnes,2016,34
1557,Gjemnes,2017,34
1557,Gjemnes,2018,34
1560,Tingvoll,2015,34
1560,Tingvoll,2016,35
1560,Tingvoll,2017,35
1560,Tingvoll,2018,35
1563,Sunndal,2015,99
1563,Sunndal,2016,107
1563,Sunndal,2017,107
1563,Sunndal,2018,91
1566,Surnadal,2015,91
1566,Surnadal,2016,70
1566,Surnadal,2017,66
1566,Surnadal,2018,82
1567,Rindal,2015,43
1567,Rindal,2016,39
1567,Rindal,2017,34
1567,Rindal,2018,34
1571,Halsa,2015,26
1571,Halsa,2016,26
1571,Halsa,2017,22
1571,Halsa,2018,22
1573,Smøla,2015,34
1573,Smøla,2016,38
1573,Smøla,2017,36
1573,Smøla,2018,36
1576,Aure,2015,37
1576,Aure,2016,32
1576,Aure,2017,32
1576,Aure,2018,22
1601,Trondheim,2015,1458
1601,Trondheim,2016,1458
1601,Trondheim,2017,1517
1601,Trondheim,2018,NA
1612,Hemne,2015,35
1612,Hemne,2016,35
1612,Hemne,2017,35
1612,Hemne,2018,NA
1613,Snillfjord,2015,30
1613,Snillfjord,2016,20
1613,Snillfjord,2017,20
1613,Snillfjord,2018,NA
1617,Hitra,2015,45
1617,Hitra,2016,37
1617,Hitra,2017,40
1617,Hitra,2018,NA
1620,Frøya,2015,57
1620,Frøya,2016,57
1620,Frøya,2017,57
1620,Frøya,2018,NA
1621,Ørland,2015,36
1621,Ørland,2016,36
1621,Ørland,2017,36
1621,Ørland,2018,NA
1622,Agdenes,2015,27
1622,Agdenes,2016,31
1622,Agdenes,2017,29
1622,Agdenes,2018,NA
1624,Rissa,2015,93
1624,Rissa,2016,93
1624,Rissa,2017,95
1624,Rissa,2018,NA
1627,Bjugn,2015,16
1627,Bjugn,2016,16
1627,Bjugn,2017,16
1627,Bjugn,2018,NA
1630,Åfjord,2015,41
1630,Åfjord,2016,41
1630,Åfjord,2017,41
1630,Åfjord,2018,NA
1632,Roan,2015,22
1632,Roan,2016,19
1632,Roan,2017,15
1632,Roan,2018,NA
1633,Osen,2015,15
1633,Osen,2016,15
1633,Osen,2017,15
1633,Osen,2018,NA
1634,Oppdal,2015,59
1634,Oppdal,2016,63
1634,Oppdal,2017,62
1634,Oppdal,2018,NA
1635,Rennebu,2015,38
1635,Rennebu,2016,38
1635,Rennebu,2017,36
1635,Rennebu,2018,NA
1636,Meldal,2015,51
1636,Meldal,2016,51
1636,Meldal,2017,51
1636,Meldal,2018,NA
1638,Orkdal,2015,121
1638,Orkdal,2016,117
1638,Orkdal,2017,113
1638,Orkdal,2018,NA
1640,Røros,2015,74
1640,Røros,2016,64
1640,Røros,2017,64
1640,Røros,2018,NA
1644,Holtålen,2015,28
1644,Holtålen,2016,28
1644,Holtålen,2017,28
1644,Holtålen,2018,NA
1648,Midtre Gauldal,2015,67
1648,Midtre Gauldal,2016,67
1648,Midtre Gauldal,2017,66
1648,Midtre Gauldal,2018,NA
1653,Melhus,2015,113
1653,Melhus,2016,112
1653,Melhus,2017,113
1653,Melhus,2018,NA
1657,Skaun,2015,45
1657,Skaun,2016,45
1657,Skaun,2017,44
1657,Skaun,2018,NA
1662,Klæbu,2015,40
1662,Klæbu,2016,38
1662,Klæbu,2017,39
1662,Klæbu,2018,NA
1663,Malvik,2015,47
1663,Malvik,2016,38
1663,Malvik,2017,54
1663,Malvik,2018,NA
1664,Selbu,2015,49.1
1664,Selbu,2016,49
1664,Selbu,2017,49
1664,Selbu,2018,NA
1665,Tydal,2015,20.1
1665,Tydal,2016,20
1665,Tydal,2017,20
1665,Tydal,2018,NA
1702,Steinkjer,2015,162
1702,Steinkjer,2016,166
1702,Steinkjer,2017,160
1702,Steinkjer,2018,NA
1703,Namsos,2015,95.3
1703,Namsos,2016,95.3
1703,Namsos,2017,101.3
1703,Namsos,2018,NA
1711,Meråker,2015,40.1
1711,Meråker,2016,40
1711,Meråker,2017,40
1711,Meråker,2018,NA
1714,Stjørdal,2015,75.7
1714,Stjørdal,2016,76
1714,Stjørdal,2017,76
1714,Stjørdal,2018,NA
1717,Frosta,2015,22
1717,Frosta,2016,22
1717,Frosta,2017,23
1717,Frosta,2018,NA
1718,Leksvik,2015,44
1718,Leksvik,2016,44
1718,Leksvik,2017,43
1718,Leksvik,2018,NA
1719,Levanger,2015,88
1719,Levanger,2016,89
1719,Levanger,2017,59
1719,Levanger,2018,NA
1721,Verdal,2015,116
1721,Verdal,2016,118
1721,Verdal,2017,93
1721,Verdal,2018,NA
1724,Verran,2015,19
1724,Verran,2016,27
1724,Verran,2017,22
1724,Verran,2018,NA
1725,Namdalseid,2015,23.5
1725,Namdalseid,2016,23.5
1725,Namdalseid,2017,23.5
1725,Namdalseid,2018,NA
1736,Snåase - Snåsa,2015,34
1736,Snåase - Snåsa,2016,38
1736,Snåase - Snåsa,2017,32
1736,Snåase - Snåsa,2018,NA
1738,Lierne,2015,26.4
1738,Lierne,2016,26.4
1738,Lierne,2017,26.4
1738,Lierne,2018,NA
1739,Raarvihke - Røyrvik,2015,18.3
1739,Raarvihke - Røyrvik,2016,18.3
1739,Raarvihke - Røyrvik,2017,18.3
1739,Raarvihke - Røyrvik,2018,NA
1740,Namsskogan,2015,19.6
1740,Namsskogan,2016,17.6
1740,Namsskogan,2017,18.6
1740,Namsskogan,2018,NA
1742,Grong,2015,47
1742,Grong,2016,47
1742,Grong,2017,47
1742,Grong,2018,NA
1743,Høylandet,2015,41.4
1743,Høylandet,2016,25.4
1743,Høylandet,2017,38.4
1743,Høylandet,2018,NA
1744,Overhalla,2015,39
1744,Overhalla,2016,39
1744,Overhalla,2017,39
1744,Overhalla,2018,NA
1748,Fosnes,2015,18.3
1748,Fosnes,2016,18.3
1748,Fosnes,2017,16.3
1748,Fosnes,2018,NA
1749,Flatanger,2015,22.4
1749,Flatanger,2016,22.4
1749,Flatanger,2017,22.4
1749,Flatanger,2018,NA
1750,Vikna,2015,42.1
1750,Vikna,2016,43.1
1750,Vikna,2017,43.1
1750,Vikna,2018,NA
1751,Nærøy,2015,56
1751,Nærøy,2016,56
1751,Nærøy,2017,57
1751,Nærøy,2018,NA
1755,Leka,2015,14.3
1755,Leka,2016,14.3
1755,Leka,2017,14.3
1755,Leka,2018,NA
1756,Inderøy,2015,55
1756,Inderøy,2016,57
1756,Inderøy,2017,45
1756,Inderøy,2018,NA
1804,Bodø,2015,347
1804,Bodø,2016,347
1804,Bodø,2017,344
1804,Bodø,2018,338
1805,Narvik,2015,192
1805,Narvik,2016,190.8
1805,Narvik,2017,197
1805,Narvik,2018,196
1811,Bindal,2015,34.4
1811,Bindal,2016,34.4
1811,Bindal,2017,36.4
1811,Bindal,2018,36
1812,Sømna,2015,35
1812,Sømna,2016,35
1812,Sømna,2017,35
1812,Sømna,2018,35
1813,Brønnøy,2015,72
1813,Brønnøy,2016,72
1813,Brønnøy,2017,56
1813,Brønnøy,2018,56
1815,Vega,2015,29
1815,Vega,2016,29
1815,Vega,2017,27
1815,Vega,2018,28
1816,Vevelstad,2015,19
1816,Vevelstad,2016,18
1816,Vevelstad,2017,18
1816,Vevelstad,2018,18
1818,Herøy,2015,18
1818,Herøy,2016,18
1818,Herøy,2017,18
1818,Herøy,2018,18
1820,Alstahaug,2015,54
1820,Alstahaug,2016,58
1820,Alstahaug,2017,58
1820,Alstahaug,2018,57
1822,Leirfjord,2015,28
1822,Leirfjord,2016,28
1822,Leirfjord,2017,29
1822,Leirfjord,2018,30
1824,Vefsn,2015,138
1824,Vefsn,2016,148
1824,Vefsn,2017,155
1824,Vefsn,2018,157
1825,Grane,2015,21
1825,Grane,2016,19
1825,Grane,2017,21
1825,Grane,2018,19
1826,Hattfjelldal,2015,20
1826,Hattfjelldal,2016,21
1826,Hattfjelldal,2017,21
1826,Hattfjelldal,2018,25
1827,Dønna,2015,23
1827,Dønna,2016,20
1827,Dønna,2017,21
1827,Dønna,2018,21
1828,Nesna,2015,22
1828,Nesna,2016,22
1828,Nesna,2017,22
1828,Nesna,2018,22
1832,Hemnes,2015,56
1832,Hemnes,2016,56
1832,Hemnes,2017,56
1832,Hemnes,2018,56
1833,Rana,2015,267
1833,Rana,2016,250
1833,Rana,2017,250
1833,Rana,2018,249
1834,Lurøy,2015,12
1834,Lurøy,2016,12
1834,Lurøy,2017,12
1834,Lurøy,2018,12
1835,Træna,2015,12
1835,Træna,2016,13
1835,Træna,2017,13
1835,Træna,2018,13
1836,Rødøy,2015,13
1836,Rødøy,2016,12
1836,Rødøy,2017,12
1836,Rødøy,2018,12
1837,Meløy,2015,82
1837,Meløy,2016,80
1837,Meløy,2017,74
1837,Meløy,2018,82
1838,Gildeskål,2015,38
1838,Gildeskål,2016,34
1838,Gildeskål,2017,33
1838,Gildeskål,2018,33
1839,Beiarn,2015,25
1839,Beiarn,2016,25
1839,Beiarn,2017,20
1839,Beiarn,2018,20
1840,Saltdal,2015,40
1840,Saltdal,2016,41
1840,Saltdal,2017,41
1840,Saltdal,2018,41
1841,Fauske - Fuosko,2015,83
1841,Fauske - Fuosko,2016,92
1841,Fauske - Fuosko,2017,93
1841,Fauske - Fuosko,2018,93
1845,Sørfold,2015,30
1845,Sørfold,2016,30
1845,Sørfold,2017,31
1845,Sørfold,2018,36
1848,Steigen,2015,39
1848,Steigen,2016,39
1848,Steigen,2017,40
1848,Steigen,2018,31
1849,Hamarøy - Hábmer,2015,31
1849,Hamarøy - Hábmer,2016,30
1849,Hamarøy - Hábmer,2017,28
1849,Hamarøy - Hábmer,2018,25
1850,Divtasvuodna - Tysfjord,2015,20.5
1850,Divtasvuodna - Tysfjord,2016,23.3
1850,Divtasvuodna - Tysfjord,2017,20
1850,Divtasvuodna - Tysfjord,2018,21
1851,Lødingen,2015,32
1851,Lødingen,2016,32.4
1851,Lødingen,2017,40
1851,Lødingen,2018,40.4
1852,Tjeldsund,2015,18
1852,Tjeldsund,2016,18.2
1852,Tjeldsund,2017,22
1852,Tjeldsund,2018,20.2
1853,Evenes,2015,20
1853,Evenes,2016,20.3
1853,Evenes,2017,20
1853,Evenes,2018,30
1854,Ballangen,2015,37
1854,Ballangen,2016,38.3
1854,Ballangen,2017,37
1854,Ballangen,2018,29
1856,Røst,2015,11
1856,Røst,2016,12
1856,Røst,2017,11
1856,Røst,2018,11
1857,Værøy,2015,13
1857,Værøy,2016,15
1857,Værøy,2017,14
1857,Værøy,2018,14
1859,Flakstad,2015,18
1859,Flakstad,2016,18
1859,Flakstad,2017,18
1859,Flakstad,2018,20
1860,Vestvågøy,2015,107
1860,Vestvågøy,2016,117
1860,Vestvågøy,2017,118
1860,Vestvågøy,2018,114
1865,Vågan,2015,96
1865,Vågan,2016,96
1865,Vågan,2017,96
1865,Vågan,2018,95
1866,Hadsel,2015,90
1866,Hadsel,2016,89
1866,Hadsel,2017,89
1866,Hadsel,2018,89
1867,Bø,2015,49
1867,Bø,2016,49
1867,Bø,2017,51
1867,Bø,2018,50
1868,Øksnes,2015,51
1868,Øksnes,2016,51
1868,Øksnes,2017,51
1868,Øksnes,2018,52
1870,Sortland - Suortá,2015,74
1870,Sortland - Suortá,2016,73
1870,Sortland - Suortá,2017,79
1870,Sortland - Suortá,2018,80
1871,Andøy,2015,61
1871,Andøy,2016,54
1871,Andøy,2017,54
1871,Andøy,2018,53
1874,Moskenes,2015,24
1874,Moskenes,2016,24
1874,Moskenes,2017,16
1874,Moskenes,2018,17
1902,Tromsø,2015,426
1902,Tromsø,2016,433
1902,Tromsø,2017,456
1902,Tromsø,2018,508
1903,Harstad - Hárstták,2015,211.5
1903,Harstad - Hárstták,2016,220.5
1903,Harstad - Hárstták,2017,221
1903,Harstad - Hárstták,2018,219.4
1911,Kvæfjord,2015,38
1911,Kvæfjord,2016,37.4
1911,Kvæfjord,2017,37
1911,Kvæfjord,2018,37.5
1913,Skånland,2015,50
1913,Skånland,2016,56.5
1913,Skånland,2017,56
1913,Skånland,2018,56.5
1917,Ibestad,2015,35
1917,Ibestad,2016,28
1917,Ibestad,2017,28
1917,Ibestad,2018,26
1919,Gratangen,2015,23
1919,Gratangen,2016,23.3
1919,Gratangen,2017,23
1919,Gratangen,2018,22
1920,Loabák - Lavangen,2015,21
1920,Loabák - Lavangen,2016,19
1920,Loabák - Lavangen,2017,21
1920,Loabák - Lavangen,2018,20
1922,Bardu,2015,44
1922,Bardu,2016,41
1922,Bardu,2017,41
1922,Bardu,2018,38
1923,Salangen,2015,28
1923,Salangen,2016,22
1923,Salangen,2017,20
1923,Salangen,2018,20
1924,Målselv,2015,63
1924,Målselv,2016,63
1924,Målselv,2017,63
1924,Målselv,2018,66
1925,Sørreisa,2015,29
1925,Sørreisa,2016,28
1925,Sørreisa,2017,28
1925,Sørreisa,2018,27
1926,Dyrøy,2015,25
1926,Dyrøy,2016,25
1926,Dyrøy,2017,25
1926,Dyrøy,2018,25
1927,Tranøy,2015,26
1927,Tranøy,2016,26
1927,Tranøy,2017,26
1927,Tranøy,2018,24
1928,Torsken,2015,29
1928,Torsken,2016,29
1928,Torsken,2017,29
1928,Torsken,2018,27
1929,Berg,2015,20
1929,Berg,2016,20
1929,Berg,2017,20
1929,Berg,2018,20
1931,Lenvik,2015,141
1931,Lenvik,2016,141
1931,Lenvik,2017,141
1931,Lenvik,2018,141
1933,Balsfjord,2015,80
1933,Balsfjord,2016,81
1933,Balsfjord,2017,80
1933,Balsfjord,2018,80
1936,Karlsøy,2015,40
1936,Karlsøy,2016,38
1936,Karlsøy,2017,37
1936,Karlsøy,2018,37
1938,Lyngen,2015,24
1938,Lyngen,2016,24
1938,Lyngen,2017,24
1938,Lyngen,2018,24
1939,Storfjord - Omasvuotna - Omasvuono,2015,19
1939,Storfjord - Omasvuotna - Omasvuono,2016,18
1939,Storfjord - Omasvuotna - Omasvuono,2017,19
1939,Storfjord - Omasvuotna - Omasvuono,2018,21
1940,Gáivuotna - Kåfjord - Kaivuono,2015,29
1940,Gáivuotna - Kåfjord - Kaivuono,2016,29
1940,Gáivuotna - Kåfjord - Kaivuono,2017,29
1940,Gáivuotna - Kåfjord - Kaivuono,2018,20
1941,Skjervøy,2015,37
1941,Skjervøy,2016,34
1941,Skjervøy,2017,39
1941,Skjervøy,2018,39
1942,Nordreisa,2015,58
1942,Nordreisa,2016,63
1942,Nordreisa,2017,60
1942,Nordreisa,2018,64
1943,Kvænangen,2015,25
1943,Kvænangen,2016,24
1943,Kvænangen,2017,24
1943,Kvænangen,2018,24
2002,Vardø,2015,33
2002,Vardø,2016,33
2002,Vardø,2017,33
2002,Vardø,2018,29
2003,Vadsø,2015,20
2003,Vadsø,2016,20
2003,Vadsø,2017,20
2003,Vadsø,2018,20
2004,Hammerfest,2015,71
2004,Hammerfest,2016,96
2004,Hammerfest,2017,106
2004,Hammerfest,2018,106
2011,Guovdageaidnu - Kautokeino,2015,14
2011,Guovdageaidnu - Kautokeino,2016,14
2011,Guovdageaidnu - Kautokeino,2017,14
2011,Guovdageaidnu - Kautokeino,2018,17
2012,Alta,2015,158
2012,Alta,2016,158
2012,Alta,2017,165
2012,Alta,2018,158
2014,Loppa,2015,17
2014,Loppa,2016,17
2014,Loppa,2017,18
2014,Loppa,2018,17
2015,Hasvik,2015,24
2015,Hasvik,2016,24
2015,Hasvik,2017,23
2015,Hasvik,2018,23
2017,Kvalsund,2015,16
2017,Kvalsund,2016,16
2017,Kvalsund,2017,16
2017,Kvalsund,2018,16
2018,Måsøy,2015,23
2018,Måsøy,2016,23
2018,Måsøy,2017,23
2018,Måsøy,2018,23
2019,Nordkapp,2015,37
2019,Nordkapp,2016,37
2019,Nordkapp,2017,37
2019,Nordkapp,2018,32
2020,Porsanger - Porsángu - Porsanki,2015,40
2020,Porsanger - Porsángu - Porsanki,2016,41
2020,Porsanger - Porsángu - Porsanki,2017,38
2020,Porsanger - Porsángu - Porsanki,2018,36
2021,Kárášjohka - Karasjok,2015,18
2021,Kárášjohka - Karasjok,2016,18
2021,Kárášjohka - Karasjok,2017,26
2021,Kárášjohka - Karasjok,2018,18
2022,Lebesby,2015,16
2022,Lebesby,2016,16
2022,Lebesby,2017,16
2022,Lebesby,2018,14
2023,Gamvik,2015,15
2023,Gamvik,2016,12
2023,Gamvik,2017,16
2023,Gamvik,2018,13
2024,Berlevåg,2015,17
2024,Berlevåg,2016,18
2024,Berlevåg,2017,17
2024,Berlevåg,2018,16
2025,Deatnu Tana,2015,19
2025,Deatnu Tana,2016,19
2025,Deatnu Tana,2017,19
2025,Deatnu Tana,2018,19
2027,Unjárga - Nesseby,2015,20
2027,Unjárga - Nesseby,2016,20
2027,Unjárga - Nesseby,2017,19
2027,Unjárga - Nesseby,2018,19
2028,Båtsfjord,2015,18
2028,Båtsfjord,2016,18
2028,Båtsfjord,2017,17
2028,Båtsfjord,2018,19
2030,Sør-Varanger,2015,83
2030,Sør-Varanger,2016,83
2030,Sør-Varanger,2017,87
2030,Sør-Varanger,2018,86
2111,Longyearbyen,2015,NA
2111,Longyearbyen,2016,NA
2111,Longyearbyen,2017,NA
2111,Longyearbyen,2018,NA
5001,Trondheim,2015,NA
5001,Trondheim,2016,NA
5001,Trondheim,2017,NA
5001,Trondheim,2018,1498
5004,Steinkjer,2015,NA
5004,Steinkjer,2016,NA
5004,Steinkjer,2017,NA
5004,Steinkjer,2018,154
5005,Namsos,2015,NA
5005,Namsos,2016,NA
5005,Namsos,2017,NA
5005,Namsos,2018,107
5011,Hemne,2015,NA
5011,Hemne,2016,NA
5011,Hemne,2017,NA
5011,Hemne,2018,35
5012,Snillfjord,2015,NA
5012,Snillfjord,2016,NA
5012,Snillfjord,2017,NA
5012,Snillfjord,2018,19
5013,Hitra,2015,NA
5013,Hitra,2016,NA
5013,Hitra,2017,NA
5013,Hitra,2018,33
5014,Frøya,2015,NA
5014,Frøya,2016,NA
5014,Frøya,2017,NA
5014,Frøya,2018,57
5015,Ørland,2015,NA
5015,Ørland,2016,NA
5015,Ørland,2017,NA
5015,Ørland,2018,36
5016,Agdenes,2015,NA
5016,Agdenes,2016,NA
5016,Agdenes,2017,NA
5016,Agdenes,2018,27
5017,Bjugn,2015,NA
5017,Bjugn,2016,NA
5017,Bjugn,2017,NA
5017,Bjugn,2018,16
5018,Åfjord,2015,NA
5018,Åfjord,2016,NA
5018,Åfjord,2017,NA
5018,Åfjord,2018,41
5019,Roan,2015,NA
5019,Roan,2016,NA
5019,Roan,2017,NA
5019,Roan,2018,15
5020,Osen,2015,NA
5020,Osen,2016,NA
5020,Osen,2017,NA
5020,Osen,2018,15
5021,Oppdal,2015,NA
5021,Oppdal,2016,NA
5021,Oppdal,2017,NA
5021,Oppdal,2018,61
5022,Rennebu,2015,NA
5022,Rennebu,2016,NA
5022,Rennebu,2017,NA
5022,Rennebu,2018,30
5023,Meldal,2015,NA
5023,Meldal,2016,NA
5023,Meldal,2017,NA
5023,Meldal,2018,51
5024,Orkdal,2015,NA
5024,Orkdal,2016,NA
5024,Orkdal,2017,NA
5024,Orkdal,2018,111
5025,Røros,2015,NA
5025,Røros,2016,NA
5025,Røros,2017,NA
5025,Røros,2018,70
5026,Holtålen,2015,NA
5026,Holtålen,2016,NA
5026,Holtålen,2017,NA
5026,Holtålen,2018,28
5027,Midtre Gauldal,2015,NA
5027,Midtre Gauldal,2016,NA
5027,Midtre Gauldal,2017,NA
5027,Midtre Gauldal,2018,60
5028,Melhus,2015,NA
5028,Melhus,2016,NA
5028,Melhus,2017,NA
5028,Melhus,2018,110
5029,Skaun,2015,NA
5029,Skaun,2016,NA
5029,Skaun,2017,NA
5029,Skaun,2018,44
5030,Klæbu,2015,NA
5030,Klæbu,2016,NA
5030,Klæbu,2017,NA
5030,Klæbu,2018,31
5031,Malvik,2015,NA
5031,Malvik,2016,NA
5031,Malvik,2017,NA
5031,Malvik,2018,54
5032,Selbu,2015,NA
5032,Selbu,2016,NA
5032,Selbu,2017,NA
5032,Selbu,2018,49
5033,Tydal,2015,NA
5033,Tydal,2016,NA
5033,Tydal,2017,NA
5033,Tydal,2018,20
5034,Meråker,2015,NA
5034,Meråker,2016,NA
5034,Meråker,2017,NA
5034,Meråker,2018,38
5035,Stjørdal,2015,NA
5035,Stjørdal,2016,NA
5035,Stjørdal,2017,NA
5035,Stjørdal,2018,87
5036,Frosta,2015,NA
5036,Frosta,2016,NA
5036,Frosta,2017,NA
5036,Frosta,2018,23
5037,Levanger,2015,NA
5037,Levanger,2016,NA
5037,Levanger,2017,NA
5037,Levanger,2018,59
5038,Verdal,2015,NA
5038,Verdal,2016,NA
5038,Verdal,2017,NA
5038,Verdal,2018,94
5039,Verran,2015,NA
5039,Verran,2016,NA
5039,Verran,2017,NA
5039,Verran,2018,24
5040,Namdalseid,2015,NA
5040,Namdalseid,2016,NA
5040,Namdalseid,2017,NA
5040,Namdalseid,2018,24
5041,Snåase - Snåsa,2015,NA
5041,Snåase - Snåsa,2016,NA
5041,Snåase - Snåsa,2017,NA
5041,Snåase - Snåsa,2018,34
5042,Lierne,2015,NA
5042,Lierne,2016,NA
5042,Lierne,2017,NA
5042,Lierne,2018,27
5043,Raarvihke - Røyrvik,2015,NA
5043,Raarvihke - Røyrvik,2016,NA
5043,Raarvihke - Røyrvik,2017,NA
5043,Raarvihke - Røyrvik,2018,18
5044,Namsskogan,2015,NA
5044,Namsskogan,2016,NA
5044,Namsskogan,2017,NA
5044,Namsskogan,2018,21
5045,Grong,2015,NA
5045,Grong,2016,NA
5045,Grong,2017,NA
5045,Grong,2018,49
5046,Høylandet,2015,NA
5046,Høylandet,2016,NA
5046,Høylandet,2017,NA
5046,Høylandet,2018,27
5047,Overhalla,2015,NA
5047,Overhalla,2016,NA
5047,Overhalla,2017,NA
5047,Overhalla,2018,40
5048,Fosnes,2015,NA
5048,Fosnes,2016,NA
5048,Fosnes,2017,NA
5048,Fosnes,2018,17
5049,Flatanger,2015,NA
5049,Flatanger,2016,NA
5049,Flatanger,2017,NA
5049,Flatanger,2018,21
5050,Vikna,2015,NA
5050,Vikna,2016,NA
5050,Vikna,2017,NA
5050,Vikna,2018,44
5051,Nærøy,2015,NA
5051,Nærøy,2016,NA
5051,Nærøy,2017,NA
5051,Nærøy,2018,56
5052,Leka,2015,NA
5052,Leka,2016,NA
5052,Leka,2017,NA
5052,Leka,2018,14
5053,Inderøy,2015,NA
5053,Inderøy,2016,NA
5053,Inderøy,2017,NA
5053,Inderøy,2018,45
5054,Indre Fosen,2015,NA
5054,Indre Fosen,2016,NA
5054,Indre Fosen,2017,NA
5054,Indre Fosen,2018,133
